use DBProject

--Location
insert into Location (City, State, LocationXCoordinate, LocationYCoordinate) values ('Kansas City', 'Missouri', '39.035', '-94.3567');
insert into Location (City, State, LocationXCoordinate, LocationYCoordinate) values ( 'Miami', 'Florida', '25.5584', '-80.4582');
insert into Location (City, State, LocationXCoordinate, LocationYCoordinate) values ( 'Tucson', 'Arizona', '32.2691', '-110.9845');
insert into Location (City, State, LocationXCoordinate, LocationYCoordinate) values ( 'Chicago', 'Illinois', '41.8784', '-87.633');
insert into Location ( City, State, LocationXCoordinate, LocationYCoordinate) values ( 'Jackson', 'Tennessee', '35.6124', '-88.8412');
insert into Location ( City, State, LocationXCoordinate, LocationYCoordinate) values ( 'Jeffersonville', 'Indiana', '38.2868', '-85.7321');
insert into Location ( City, State, LocationXCoordinate, LocationYCoordinate) values ( 'Oklahoma City', 'Oklahoma', '35.599', '-97.6251');
insert into Location ( City, State, LocationXCoordinate, LocationYCoordinate) values ( 'Las Vegas', 'Nevada', '36.0914', '-115.0885');
insert into Location ( City, State, LocationXCoordinate, LocationYCoordinate) values ( 'Miami', 'Florida', '25.813', '-80.232');
insert into Location ( City, State, LocationXCoordinate, LocationYCoordinate) values ( 'Sterling', 'Virginia', '39.0853', '-77.6452');
insert into Location ( City, State, LocationXCoordinate, LocationYCoordinate) values ( 'Fargo', 'North Dakota', '46.9346', '-97.2297');
insert into Location ( City, State, LocationXCoordinate, LocationYCoordinate) values ( 'North Hollywood', 'California', '33.7866', '-118.2987');
insert into Location ( City, State, LocationXCoordinate, LocationYCoordinate) values ( 'Tampa', 'Florida', '28.0081', '-82.5805');
insert into Location ( City, State, LocationXCoordinate, LocationYCoordinate) values ( 'Washington', 'District of Columbia', '38.8933', '-77.0146');
insert into Location ( City, State, LocationXCoordinate, LocationYCoordinate) values ( 'Reading', 'Pennsylvania', '40.338', '-75.978');
insert into Location ( City, State, LocationXCoordinate, LocationYCoordinate) values ( 'Charlotte', 'North Carolina', '35.0656', '-80.8511');
insert into Location ( City, State, LocationXCoordinate, LocationYCoordinate) values ( 'Salt Lake City', 'Utah', '40.7372', '-111.8581');
insert into Location ( City, State, LocationXCoordinate, LocationYCoordinate) values ( 'Fort Lauderdale', 'Florida', '26.0989', '-80.1541');
insert into Location ( City, State, LocationXCoordinate, LocationYCoordinate) values ( 'Gainesville', 'Florida', '29.6813', '-82.3539');
insert into Location ( City, State, LocationXCoordinate, LocationYCoordinate) values ( 'Richmond', 'Virginia', '37.5242', '-77.4932');
insert into Location ( City, State, LocationXCoordinate, LocationYCoordinate) values ( 'Las Vegas', 'Nevada', '36.3265', '-115.3398');
insert into Location ( City, State, LocationXCoordinate, LocationYCoordinate) values ( 'Indianapolis', 'Indiana', '39.8726', '-86.2768');
insert into Location ( City, State, LocationXCoordinate, LocationYCoordinate) values ( 'Staten Island', 'New York', '40.5973', '-74.0768');
insert into Location ( City, State, LocationXCoordinate, LocationYCoordinate) values ( 'Salt Lake City', 'Utah', '40.695', '-112.0001');
insert into Location ( City, State, LocationXCoordinate, LocationYCoordinate) values ( 'Charleston', 'West Virginia', '38.2968', '-81.5547');
insert into Location ( City, State, LocationXCoordinate, LocationYCoordinate) values ( 'Oklahoma City', 'Oklahoma', '35.4242', '-97.6547');
insert into Location ( City, State, LocationXCoordinate, LocationYCoordinate) values ( 'Minneapolis', 'Minnesota', '44.9762', '-93.2759');
insert into Location ( City, State, LocationXCoordinate, LocationYCoordinate) values ( 'Garden Grove', 'California', '33.7661', '-117.9738');
insert into Location ( City, State, LocationXCoordinate, LocationYCoordinate) values ( 'Tucson', 'Arizona', '31.9701', '-111.8907');
insert into Location ( City, State, LocationXCoordinate, LocationYCoordinate) values ( 'New York City', 'New York', '40.7808', '-73.9772');
insert into Location ( City, State, LocationXCoordinate, LocationYCoordinate) values ( 'Albuquerque', 'New Mexico', '35.0448', '-106.6893');
insert into Location ( City, State, LocationXCoordinate, LocationYCoordinate) values ( 'Milwaukee', 'Wisconsin', '43.0174', '-87.5697');
insert into Location ( City, State, LocationXCoordinate, LocationYCoordinate) values ( 'Charlotte', 'North Carolina', '35.2268', '-80.8432');
insert into Location ( City, State, LocationXCoordinate, LocationYCoordinate) values ( 'New York City', 'New York', '40.7808', '-73.9772');
insert into Location ( City, State, LocationXCoordinate, LocationYCoordinate) values ( 'Shawnee Mission', 'Kansas', '38.8999', '-94.832');
insert into Location ( City, State, LocationXCoordinate, LocationYCoordinate) values ( 'Alexandria', 'Virginia', '38.82', '-77.0589');
insert into Location ( City, State, LocationXCoordinate, LocationYCoordinate) values ( 'San Francisco', 'California', '37.7848', '-122.7278');
insert into Location ( City, State, LocationXCoordinate, LocationYCoordinate) values ( 'Columbus', 'Ohio', '39.969', '-83.0114');
insert into Location ( City, State, LocationXCoordinate, LocationYCoordinate) values ( 'Birmingham', 'Alabama', '33.5446', '-86.9292');
insert into Location ( City, State, LocationXCoordinate, LocationYCoordinate) values ('Escondido', 'California', '33.0169', '-116.846');
insert into Location ( City, State, LocationXCoordinate, LocationYCoordinate) values ('Philadelphia', 'Pennsylvania', '40.0018', '-75.1179');
insert into Location ( City, State, LocationXCoordinate, LocationYCoordinate) values ('Sacramento', 'California', '38.3774', '-121.4444');
insert into Location ( City, State, LocationXCoordinate, LocationYCoordinate) values ('Terre Haute', 'Indiana', '39.5327', '-87.3255');
insert into Location ( City, State, LocationXCoordinate, LocationYCoordinate) values ('Tyler', 'Texas', '32.3475', '-95.3065');
insert into Location ( City, State, LocationXCoordinate, LocationYCoordinate) values ('Corpus Christi', 'Texas', '27.777', '-97.4632');


--Earthquake
insert into Earthquake (LocationID, OccurenceDate, QuakeIntensity, EpicXCoordinate, EpicYCoordinate) values (1, '2015-10-01', 7.3, '-7.1344', '106.6979');
insert into Earthquake (LocationID, OccurenceDate, QuakeIntensity, EpicXCoordinate, EpicYCoordinate) values (2, '2015-01-19', 6.8, '-32.42657', '-63.73333');
insert into Earthquake (LocationID, OccurenceDate, QuakeIntensity, EpicXCoordinate, EpicYCoordinate) values (3, '2015-04-08', 5.7, '22.68999', '113.24529');
insert into Earthquake (LocationID, OccurenceDate, QuakeIntensity, EpicXCoordinate, EpicYCoordinate) values (4, '2015-07-01', 4.2, '54.76778', '42.27111');
insert into Earthquake (LocationID, OccurenceDate, QuakeIntensity, EpicXCoordinate, EpicYCoordinate) values (5, '2015-09-09', 5.3, '39.55556', '113.36111');
insert into Earthquake (LocationID, OccurenceDate, QuakeIntensity, EpicXCoordinate, EpicYCoordinate) values (6, '2015-04-06', 6.5, '47.7333', '-3.4333');
insert into Earthquake (LocationID, OccurenceDate, QuakeIntensity, EpicXCoordinate, EpicYCoordinate) values (7, '2015-08-05', 4.5, '49.77644', '22.65252');
insert into Earthquake (LocationID, OccurenceDate, QuakeIntensity, EpicXCoordinate, EpicYCoordinate) values (8, '2015-06-12', 6.6, '50.1291', '16.18128');
insert into Earthquake (LocationID, OccurenceDate, QuakeIntensity, EpicXCoordinate, EpicYCoordinate) values (9, '2015-07-26', 4.5, '-39.06667', '174.08333');
insert into Earthquake (LocationID, OccurenceDate, QuakeIntensity, EpicXCoordinate, EpicYCoordinate) values (10, '2015-01-08', 6.1, '9.6605', '124.3532');
insert into Earthquake (LocationID, OccurenceDate, QuakeIntensity, EpicXCoordinate, EpicYCoordinate) values (11, '2015-10-27', 5.5, '28.27189', '83.58976');
insert into Earthquake (LocationID, OccurenceDate, QuakeIntensity, EpicXCoordinate, EpicYCoordinate) values (12, '2015-08-28', 5.3, '17.6089', '120.9059');
insert into Earthquake (LocationID, OccurenceDate, QuakeIntensity, EpicXCoordinate, EpicYCoordinate) values (13, '2015-01-14', 5.9, '25.70855', '101.33679');
insert into Earthquake (LocationID, OccurenceDate, QuakeIntensity, EpicXCoordinate, EpicYCoordinate) values (14, '2015-11-23', 7.6, '15.33686', '120.70623');
insert into Earthquake (LocationID, OccurenceDate, QuakeIntensity, EpicXCoordinate, EpicYCoordinate) values (15, '2015-03-08', 4.2, '-26.81358', '27.81695');
insert into Earthquake (LocationID, OccurenceDate, QuakeIntensity, EpicXCoordinate, EpicYCoordinate) values (16, '2015-06-11', 7.2, '51.4217', '5.5597');
insert into Earthquake (LocationID, OccurenceDate, QuakeIntensity, EpicXCoordinate, EpicYCoordinate) values (17, '2015-01-04', 7.0, '39.51417', '113.29306');
insert into Earthquake (LocationID, OccurenceDate, QuakeIntensity, EpicXCoordinate, EpicYCoordinate) values (18, '2015-08-30', 5.7, '52.6343', '126.74777');
insert into Earthquake (LocationID, OccurenceDate, QuakeIntensity, EpicXCoordinate, EpicYCoordinate) values (19, '2015-09-09', 7.1, '33.8444', '-84.474');
insert into Earthquake (LocationID, OccurenceDate, QuakeIntensity, EpicXCoordinate, EpicYCoordinate) values (20, '2015-04-30', 5.3, '40.71667', '19.56667');
insert into Earthquake (LocationID, OccurenceDate, QuakeIntensity, EpicXCoordinate, EpicYCoordinate) values (21, '2015-06-17', 4.5, '9.4744', '123.0623');
insert into Earthquake (LocationID, OccurenceDate, QuakeIntensity, EpicXCoordinate, EpicYCoordinate) values (22, '2015-11-19', 7.7, '13.83124', '-89.27221');
insert into Earthquake (LocationID, OccurenceDate, QuakeIntensity, EpicXCoordinate, EpicYCoordinate) values (23, '2015-07-14', 7.4, '-29.15', '-59.65');
insert into Earthquake (LocationID, OccurenceDate, QuakeIntensity, EpicXCoordinate, EpicYCoordinate) values (24, '2015-02-02', 6.0, '9.6314', '123.0873');
insert into Earthquake (LocationID, OccurenceDate, QuakeIntensity, EpicXCoordinate, EpicYCoordinate) values (25, '2015-02-26', 4.2, '42.9075', '129.50778');
insert into Earthquake (LocationID, OccurenceDate, QuakeIntensity, EpicXCoordinate, EpicYCoordinate) values (26, '2015-10-04', 7.9, '11.931', '121.5477');
insert into Earthquake (LocationID, OccurenceDate, QuakeIntensity, EpicXCoordinate, EpicYCoordinate) values (27, '2015-04-06', 6.9, '35.68482', '36.33867');
insert into Earthquake (LocationID, OccurenceDate, QuakeIntensity, EpicXCoordinate, EpicYCoordinate) values (28, '2015-10-24', 7.2, '42.3809', '-83.0409');
insert into Earthquake (LocationID, OccurenceDate, QuakeIntensity, EpicXCoordinate, EpicYCoordinate) values (29, '2015-02-04', 4.3, '-8.17211', '113.69953');
insert into Earthquake (LocationID, OccurenceDate, QuakeIntensity, EpicXCoordinate, EpicYCoordinate) values (30, '2015-03-10', 4.7, '-5.62436', '-78.47594');
insert into Earthquake (LocationID, OccurenceDate, QuakeIntensity, EpicXCoordinate, EpicYCoordinate) values (31, '2015-08-27', 4.5, '49.93333', '116.86667');
insert into Earthquake (LocationID, OccurenceDate, QuakeIntensity, EpicXCoordinate, EpicYCoordinate) values (32, '2015-08-30', 5.8, '39.92139', '65.92528');
insert into Earthquake (LocationID, OccurenceDate, QuakeIntensity, EpicXCoordinate, EpicYCoordinate) values (33, '2015-07-14', 7.4, '33.9973', '99.44638');
insert into Earthquake (LocationID, OccurenceDate, QuakeIntensity, EpicXCoordinate, EpicYCoordinate) values (34, '2015-11-18', 7.5, '18.74932', '109.17172');
insert into Earthquake (LocationID, OccurenceDate, QuakeIntensity, EpicXCoordinate, EpicYCoordinate) values (35, '2015-07-17', 7.1, '10.692', '123.0608');
insert into Earthquake (LocationID, OccurenceDate, QuakeIntensity, EpicXCoordinate, EpicYCoordinate) values (36, '2015-09-02', 5.4, '24.51326', '112.34514');
insert into Earthquake (LocationID, OccurenceDate, QuakeIntensity, EpicXCoordinate, EpicYCoordinate) values (37, '2015-11-24', 6.6, '48.90881', '13.88657');
insert into Earthquake (LocationID, OccurenceDate, QuakeIntensity, EpicXCoordinate, EpicYCoordinate) values (38, '2015-10-01', 6.4, '23.0881', '-82.3597');
insert into Earthquake (LocationID, OccurenceDate, QuakeIntensity, EpicXCoordinate, EpicYCoordinate) values (39, '2015-06-20', 5.7, '20.80931', '110.19364');
insert into Earthquake (LocationID, OccurenceDate, QuakeIntensity, EpicXCoordinate, EpicYCoordinate) values (40, '2015-10-01', 4.2, '46.58064', '125.46606');
insert into Earthquake (LocationID, OccurenceDate, QuakeIntensity, EpicXCoordinate, EpicYCoordinate) values (41, '2015-03-12', 6.2, '12.6', '37.46667');
insert into Earthquake (LocationID, OccurenceDate, QuakeIntensity, EpicXCoordinate, EpicYCoordinate) values (42, '2015-06-15', 7.5, '35.75459', '139.46852');
insert into Earthquake (LocationID, OccurenceDate, QuakeIntensity, EpicXCoordinate, EpicYCoordinate) values (43, '2015-06-22', 5.1, '48.8637', '2.2769');
insert into Earthquake (LocationID, OccurenceDate, QuakeIntensity, EpicXCoordinate, EpicYCoordinate) values (44, '2015-11-16', 5.7, '28.66443', '109.69855');
insert into Earthquake (LocationID, OccurenceDate, QuakeIntensity, EpicXCoordinate, EpicYCoordinate) values (45, '2015-06-25', 6.3, '34.48333', '133.95');


--Population
INSERT INTO Population (LocationID, Child, Adult, Old ,Year_Date) VALUES (1,120750,318204,272895,'2015-01-14'),(2,128840,315997,239799,'2015-12-26'),(3,103145,325864,241795,'2016-06-03'),(4,109074,293030,236823,'2015-12-31'),(5,114129,311064,221904,'2016-10-14'),(6,123031,271939,245994,'2016-12-01'),(7,148053,321115,204522,'2015-02-03'),(8,109472,289301,204638,'2015-10-01'),(9,120908,307434,273187,'2015-04-09'),(10,140390,339743,213981,'2016-02-18');
INSERT INTO Population (LocationID ,Child, Adult, Old, Year_Date) VALUES (11,101319,333608,214371,'2015-07-14'),(12,103886,284637,223690,'2016-03-22'),(13,145361,268110,246618,'2016-07-14'),(14,121647,339330,215164,'2015-10-16'),(15,130713,256452,205251,'2015-12-05'),(16,122051,263259,201489,'2015-11-18'),(17,120845,334342,241205,'2015-02-15'),(18,141152,323527,218187,'2015-08-02'),(19,116213,265153,253362,'2015-04-07'),(20,109280,333044,229078,'2015-02-24');
INSERT INTO Population (LocationID,Child,Adult,Old,Year_Date) VALUES (21,122697,260475,238293,'2016-04-18'),(22,142169,340250,212392,'2016-10-12'),(23,133434,308047,277902,'2016-08-19'),(24,107427,269036,232473,'2015-12-27'),(25,129384,278852,277141,'2015-01-17'),(26,109391,335413,267616,'2016-09-05'),(27,141127,349845,226336,'2015-12-29'),(28,149345,261666,255484,'2016-05-01'),(29,149779,251329,204180,'2015-09-08'),(30,123431,335656,237965,'2016-10-26');
INSERT INTO Population (LocationID,Child,Adult,Old,Year_date) VALUES (31,139479,261376,242590,'2016-10-03'),(32,137663,307153,259004,'2015-12-28'),(33,108577,263790,228184,'2015-01-20'),(34,114005,324089,268417,'2016-04-05'),(35,110897,297551,215954,'2015-08-18'),(36,141463,256584,247658,'2015-09-25'),(37,118027,347093,235846,'2015-09-24'),(38,123078,338462,246160,'2015-06-24'),(39,112057,332859,274634,'2016-08-14'),(40,124977,251635,259462,'2016-04-10');
INSERT INTO Population (LocationID,Child,Adult,Old,Year_date) VALUES (41,129956,311621,279960,'2015-08-18'),(42,101029,259709,246310,'2015-08-30'),(43,110411,264162,229735,'2015-07-19'),(44,130738,298629,249726,'2016-02-22'),(45,119412,319330,253344,'2016-09-28')

--NGO
INSERT INTO NGO(NgoName, TotalVolunteer, LocationID) VALUES ('Mercy Corps',685,1),('Brac',631,2),('Helping Hand',975,3),('Hope',620,4),('Med air',867,5),(' Cure ',780,6),('AmeriCare',585,7),('World Vision',681,8),('Red Cross',795,9),( 'Relief International',789,10);

--Role
INSERT INTO Role (RoleName) VALUES ('Water'), ('Debris'), ('Shelter'), ('Medical'), ('Food') 

--- COMPANY
INSERT INTO Company (LocationID,CompanyName,TotalAnalyst,TotalGroundStaff) VALUES (1,' AIESEC European Congress	',84,93),(2,' Air Transport Action Group',80,103),(3,' Alternatives International	',79,90),(4,' Amici del Mondo World Friends Onlus	',78,109),(5,' The Amazonia Conference',71,121),(6,' AMEN Missionary',70,87),(7,' Asian Cultural Council	',87,129),(8,' Asian-German Sports Exchange Program	',81,122),(9,' Asia Pacific Network of Science and Technology Centres',81,136),(10,' Alliance Internationale de Tourisme	',62,107);
INSERT INTO Company (LocationID,CompanyName,TotalAnalyst,TotalGroundStaff) VALUES (11,' Anti-Slavery International	',87,117),(12,' Anti-Slavery International	',66,88),(13,' Albanian Institute for International Studies	',73,83),(14,' Asia Regional Organic Standard	',62,86),(15,'',68,122),(16,' AMEN Missionary	',71,139),(17,'',82,116),(18,' Aiglemont estate	',60,103),(19,' Aiglemont estate	',76,97),(20,' Asian-German Sports Exchange Program	',87,80);
INSERT INTO Company (LocationID,CompanyName,TotalAnalyst,TotalGroundStaff) VALUES (21,' Anti-Slavery International	',62,127),(22,' The Amazonia Conference	',82,115),(23,' Associated Country Women of the World	',76,97),(24,' Anti-Slavery International	',76,117),(25,' Arabic Network for Human Rights Information	',74,109),(26,' Albanian Institute for International Studies	',67,131),(27,' Airports Council International	',65,138),(28,' Aiglemont estate	',88,81),(29,' Art for The World	',84,99),(30,' Asian-Oceanian Computing Industry Organization	',85,135);
INSERT INTO Company (LocationID,CompanyName,TotalAnalyst,TotalGroundStaff) VALUES (31,' Air Transport Action Group	',87,86),(32,' Asia Regional Organic Standard	',74,107),(33,' Amici del Mondo World Friends Onlus	',73,107),(34,' Alternatives International	',75,97),(35,' Associated Country Women of the World	',70,120),(36,'',87,116),(37,'AIESEC	',68,98),(38,' AMEN Missionary	',61,131),(39,' Asia Pacific Network of Science and Technology Centres	',67,138),(40,' The Amazonia Conference	',89,84);
INSERT INTO Company (LocationID,CompanyName,TotalAnalyst,TotalGroundStaff) VALUES (41,' Amici del Mondo World Friends Onlus	',69,83),(42,' AIESEC Chandigarh	',62,106),(43,' Aspen Institute	',78,84),(44,' Albanian Institute for International Studies	',61,139),(45,' Asia America Multitechnology Association	',76,89),(46,' Arabic Network for Human Rights Information	',86,103),(47,' Associated Country Women of the World (ACWW)	',72,135),(48,' AIESEC Chandigarh	',73,138),(49,' The Amazonia Conference	',82,133),(50,' AMEN Missionary	',74,113);
INSERT INTO Company (LocationID,CompanyName,TotalAnalyst,TotalGroundStaff) VALUES (51,' AIESEC Chandigarh	',68,139),(52,' Associated Country Women of the World (ACWW)	',82,126),(53,' The Amazonia Conference	',88,112),(54,' Asia Regional Organic Standard	',60,118),(55,' Asia Pacific Network of Science and Technology Centres	',65,114),(56,' The Amazonia Conference	',81,135),(57,' Alliance Internationale de Tourisme	',80,112),(558,' Asia America Multitechnology Association	',72,104),(59,' AIESEC European Congress	',81,93),(60,' APCAC	',88,127);
INSERT INTO Company (LocationID,CompanyName,TotalAnalyst,TotalGroundStaff) VALUES (61,' Air Serv International	',82,126),(62,' Article 19	',67,112),(63,' Asian-Oceanian Computing Industry Organization	',89,84),(64,' Albanian Institute for International Studies	',70,140),(65,' Asian Coalition for Housing Rights	',74,100),(66,' Aspen Institute	',89,113),(67,' APCAC	',78,101),(68,' Art for The World	',78,86),(69,' Asian Cultural Council	',63,117),(70,' ASAPROSAR	',76,100);
INSERT INTO Company (LocationID,CompanyName,TotalAnalyst,TotalGroundStaff) VALUES (71,' Asian Cultural Council	',81,113),(72,' AMEN Missionary	',65,109),(73,' Alternatives International	',82,106),(74,' Associated Country Women of the World (ACWW)	',80,112),(75,' Art for The World	',80,93),(76,'',63,97),(77,' Asia Pacific Network of Science and Technology Centres	',61,122),(78,' Alternatives International	',81,105),(79,' AIESEC Chandigarh	',79,137),(80,' AIESEC European Congress	',67,90);
INSERT INTO Company (LocationID,CompanyName,TotalAnalyst,TotalGroundStaff) VALUES (81,' Apimondia	',63,87),(82,' Association des États Généraux des Étudiants de lEurope	',79,129),(83,' Alternatives International	',70,130),(84,' Air Transport Action Group	',87,125),(85,' ASAPROSAR	',61,109),(86,' Airports Council International	',68,126),(87,' Associated Country Women of the World	',81,134),(88,' APCAC	',73,82),(89,' ASAPROSAR	',79,105),(90,' Asia Pacific Network of Science and Technology Centres	',82,83);
INSERT INTO Company (LocationID,CompanyName,TotalAnalyst,TotalGroundStaff) VALUES (91,' Asian-German Sports Exchange Program	',69,128),(92,' Apimondia',83,86),(93,' Aiglemont estate',79,130),(94,94,' Article 19	',60,81),(95,' Air Transport Action Group	',63,123),(96,' Art for The World	',83,116),(97,' Arabic Network for Human Rights Information	',81,108),(98,'AIESEC',76,125),(99,' AIESEC Chandigarh	',64,91),(100,' Asian Cultural Council	',79,118);
INSERT INTO Company([CompanyName],[TotalAnalyst],[TotalGroundStaff],[LocationID]) VALUES(' Association of European Performers'' Organisations	',72,144,35),(' Aga Khan Foundation	',78,127,35),(' Apimondia	',58,143,36),(' Australasian Law Teachers Association	',60,108,35),(' Article 19	',71,169,29),(' AccountAbility	',53,175,36),(' Asia Pacific Network of Science and Technology Centres	',73,199,45),(' Asian-German Sports Exchange Program	',67,126,19),(' AIESEC Chandigarh	',57,188,29),(' Austrian Holocaust Memorial Service	',78,175,13);
INSERT INTO Company([CompanyName],[TotalAnalyst],[TotalGroundStaff],[LocationID]) VALUES(' Asian Cultural Council	',73,189,41),(' Association Pesinet	',52,135,27),(' Art for The World	',77,171,3),(' AURA (United Artists for African Rap)	',65,119,11),(' AIESEC Chandigarh	',67,110,1),(' Aide médicale internationale	',63,160,32),(' Australasian Performing Right Association	',54,138,27),(' Airports Council International	',58,173,25),(' Aide médicale internationale	',63,131,29),(' Action Without Borders	',71,187,1);
INSERT INTO Company([CompanyName],[TotalAnalyst],[TotalGroundStaff],[LocationID]) VALUES(' Asian-German Sports Exchange Program	',59,130,30),('Aborigines'' Protection Society	',55,192,38),(' Australasian Performing Right Association	',66,139,1),(' Aspen Institute	',74,115,24),(' Asian-Oceanian Computing Industry Organization	',55,171,27),(' Africa AHEAD	',79,178,24),(' AURA (United Artists for African Rap)	',77,172,7),(' The Amazonia Conference	',65,188,7),(' Avaaz	',65,183,3),(' Africa AHEAD	',62,167,20);
INSERT INTO Company([CompanyName],[TotalAnalyst],[TotalGroundStaff],[LocationID]) VALUES(' Article 19	',70,164,12),(' Agricultural and Rural Convention 2020	',54,196,23),(' AIESEC European Congress	',62,193,30),(' Arabic Network for Human Rights Information	',79,162,31),(' Avocats Sans Frontières	',62,144,39),(' Albanian Institute for International Studies	',76,170,16),(' Association of Applied Geochemists	',53,111,15),(' Aspen Institute	',53,178,12),(' AEA International Lawyers Network	',66,191,38),(' Asia Pacific Network of Science and Technology Centres	',72,119,4);
INSERT INTO Company([CompanyName],[TotalAnalyst],[TotalGroundStaff],[LocationID]) VALUES(' Airports Council International	',71,185,29),(' Australasian Law Teachers Association	',77,142,9),(' Air Transport Action Group	',76,165,11),(' Asia Pacific Network of Science and Technology Centres	',68,105,23),(' Alliance Internationale de Tourisme	',61,187,5),(' Africa AHEAD	',57,177,34),(' Ahl Al-Bayt World Assembly	',78,194,21),(' Association for Education in Journalism and Mass Communication	',60,132,22),('',80,153,31),(' Association for Information and Image Management	',71,164,25);
INSERT INTO Company([CompanyName],[TotalAnalyst],[TotalGroundStaff],[LocationID]) VALUES(' Asian-German Sports Exchange Program	',68,123,26),(' AMEN Missionary	',56,121,40),(' AIESEC Chandigarh	',66,165,13),(' Alliance Internationale de Tourisme	',54,184,15),(' Association of Science-Technology Centers	',57,149,2),(' Aide médicale internationale	',53,159,33),(' Agricultural and Rural Convention 2020	',67,116,38),(' Arabic Network for Human Rights Information	',58,141,36),(' Avaaz	',61,157,44),(' Association of Science-Technology Centers	',54,148,37);
INSERT INTO Company([CompanyName],[TotalAnalyst],[TotalGroundStaff],[LocationID]) VALUES(' Association for Education in Journalism and Mass Communication	',70,110,24),(' Aga Khan Trust for Culture	',51,181,32),(' Association of Applied Geochemists	',72,148,32),(' ASTM International	',66,182,35),(' Anti-Slavery International	',65,107,21),(' Austrian Service Abroad	',65,159,11),(' Atheist Alliance International	',60,103,16),(' Association of Firearm and Tool Mark Examiners	',56,137,10),(' Asian-Oceanian Computing Industry Organization	',60,182,20),(' Aiglemont estate	',50,161,27);
INSERT INTO Company([CompanyName],[TotalAnalyst],[TotalGroundStaff],[LocationID]) VALUES(' Association des États Généraux des Étudiants de l''Europe	',71,175,10),(' Australasian Performing Right Association	',69,115,30),(' Aga Khan Foundation	',79,102,14),(' AED (non-profit)	',78,188,5),(' Asia Regional Organic Standard	',62,150,35),('Aborigines'' Protection Society	',59,142,28),(' ASAPROSAR	',66,153,38),(' ATypI	',66,116,38),(' The Amazonia Conference	',72,130,42),(' Atheist Alliance International	',55,160,3);
INSERT INTO Company([CompanyName],[TotalAnalyst],[TotalGroundStaff],[LocationID]) VALUES(' Art for The World	',60,190,2),('',75,114,36),(' Association of Applied Geochemists	',69,168,34),(' Association for Information and Image Management	',51,120,33),(' Association of European Performers'' Organisations	',58,115,45),(' Association Pesinet	',70,170,22),(' AURA (United Artists for African Rap)	',80,179,7),(' Austrian Holocaust Memorial Service	',71,158,32),(' Arabic Network for Human Rights Information	',69,115,34),(' Australasian Law Teachers Association	',58,153,14);
INSERT INTO Company([CompanyName],[TotalAnalyst],[TotalGroundStaff],[LocationID]) VALUES(' AEA International Lawyers Network	',63,145,18),(' Australasian Law Teachers Association	',51,117,33),(' Agricultural and Rural Convention 2020	',55,131,39),(' Asia Regional Organic Standard	',65,128,42),(' Asia Pacific Network of Science and Technology Centres	',75,119,14),(' Atlantic Treaty Association	',72,195,28),(' APCAC	',78,122,43),(' Aga Khan Foundation	',70,122,11),(' Asia Pacific Network of Science and Technology Centres	',67,189,2),(' African Wild Dog Conservancy	',65,177,22);
INSERT INTO Company([CompanyName],[TotalAnalyst],[TotalGroundStaff],[LocationID]) VALUES(' Associated Country Women of the World	',63,130,37),(' ACORN International	',57,104,24),(' Avocats Sans Frontières	',64,117,38),(' Apimondia	',79,114,7),(' Apimondia	',51,169,44),(' AccountAbility	',70,131,15),(' Association for the Development of Education in Africa	',52,116,35),(' ASAPROSAR	',57,159,42),(' Art for The World	',60,163,21),(' Air Transport Action Group	',70,136,20);
INSERT INTO Company([CompanyName],[TotalAnalyst],[TotalGroundStaff],[LocationID]) VALUES(' Associated Country Women of the World	',54,137,10),(' AIESEC Chandigarh	',75,174,27),(' Association for Progressive Communications	',63,158,32),(' Associated Country Women of the World	',57,183,34),(' ASAPROSAR	',62,117,37),(' Air Serv International	',74,180,34),(' Aspen Institute	',72,153,17),(' Aga Khan Trust for Culture	',52,163,10),(' Association for Computing Machinery	',76,159,42),(' AED (non-profit)	',52,140,32);
INSERT INTO Company([CompanyName],[TotalAnalyst],[TotalGroundStaff],[LocationID]) VALUES(' Aga Khan Trust for Culture	',69,133,31),(' Avocats Sans Frontières	',69,126,4),(' Asociación de Universidades Confiadas a la Compañía de Jesús en América Latina	',60,173,24),(' Atheist Alliance International	',72,190,45),(' Asian-Oceanian Computing Industry Organization	',52,123,10),(' Association for Education in Journalism and Mass Communication	',66,159,12),(' Aspen Institute	',69,134,43),(' AIESEC European Congress	',62,116,23),(' Association Pesinet	',66,190,28),(' Alternatives International	',56,131,22);
INSERT INTO Company([CompanyName],[TotalAnalyst],[TotalGroundStaff],[LocationID]) VALUES(' Avocats Sans Frontières	',50,174,43),(' Arabic Network for Human Rights Information	',54,100,9),(' Austrian Service Abroad	',58,128,13),(' Australasian Performing Right Association	',71,107,18),(' Association for Computing Machinery	',69,165,10),(' Asian-German Sports Exchange Program	',54,112,31),(' Association of Science-Technology Centers	',74,165,37),(' Associated Country Women of the World	',53,165,16),(' Association for Computing Machinery	',72,125,2),(' Authentics Foundation	',76,166,34);
INSERT INTO Company([CompanyName],[TotalAnalyst],[TotalGroundStaff],[LocationID]) VALUES(' Air Serv International	',71,171,43),(' Associated Country Women of the World	',57,101,18),(' Asia America Multitechnology Association	',68,115,9),(' AIESEC Chandigarh	',51,156,11),(' The Amazonia Conference	',58,128,17),(' Air Transport Action Group	',51,150,45),(' AIESEC Chandigarh	',55,164,3),(' Association of European Performers'' Organisations	',71,150,34),(' Atheist Alliance International	',77,108,41),(' Action Without Borders	',53,134,20);
INSERT INTO Company([CompanyName],[TotalAnalyst],[TotalGroundStaff],[LocationID]) VALUES(' Association for the Development of Education in Africa	',78,165,14),(' Austrian Holocaust Memorial Service	',63,109,24),(' Association for the Development of Education in Africa	',58,165,4),(' African Wild Dog Conservancy	',59,199,38),(' Asian-Oceanian Computing Industry Organization	',72,102,33),(' Aga Khan Trust for Culture	',54,106,29),(' Alliance Internationale de Tourisme	',56,159,9),(' AMEN Missionary	',65,196,13),(' AURA (United Artists for African Rap)	',77,156,38),(' Association for the Development of Education in Africa	',71,185,31);
INSERT INTO Company([CompanyName],[TotalAnalyst],[TotalGroundStaff],[LocationID]) VALUES(' Asociación de Universidades Confiadas a la Compañía de Jesús en América Latina	',55,122,3),(' Aspen Institute	',50,124,15),(' Association of Applied Geochemists	',74,184,20),(' Agricultural and Rural Convention 2020	',79,144,12),(' The Amazonia Conference	',55,110,31),(' Agricultural and Rural Convention 2020	',73,143,5),(' Article 19	',74,167,27),(' Association des États Généraux des Étudiants de l''Europe	',73,135,18),(' Alternatives International	',57,182,17),(' African Wild Dog Conservancy	',55,101,43);
INSERT INTO Company([CompanyName],[TotalAnalyst],[TotalGroundStaff],[LocationID]) VALUES(' Association for Progressive Communications	',79,158,36),(' AED (non-profit)	',58,157,4),(' Agricultural and Rural Convention 2020	',64,117,26),(' AIESEC European Congress	',80,195,5),(' Amici del Mondo World Friends Onlus	',53,108,30),(' Asian-Oceanian Computing Industry Organization	',61,110,32),(' AIESEC Chandigarh	',58,144,24),(' Anti-Slavery International	',53,192,45),(' ACORN International	',61,195,41),(' Association for Progressive Communications	',69,169,41);
INSERT INTO Company([CompanyName],[TotalAnalyst],[TotalGroundStaff],[LocationID]) VALUES(' Asia Pacific Network of Science and Technology Centres	',53,118,37),(' AURA (United Artists for African Rap)	',63,117,7),(' AEA International Lawyers Network	',52,133,10),(' Albanian Institute for International Studies	',69,124,26),(' Association for the Development of Education in Africa	',77,114,34),(' Asian Coalition for Housing Rights	',72,198,43),(' Avocats Sans Frontières	',59,189,16),(' ACORN International	',73,165,11),(' Austrian Holocaust Memorial Service	',74,157,36),(' APCAC	',59,179,27);
INSERT INTO Company([CompanyName],[TotalAnalyst],[TotalGroundStaff],[LocationID]) VALUES(' Air Serv International	',59,125,30),(' Alliance Internationale de Tourisme	',57,150,4),(' Airports Council International	',53,153,34),(' Associated Country Women of the World (ACWW)	',65,122,34),(' Asian Cultural Council	',68,160,33),(' Austrian Holocaust Memorial Service	',64,139,18),(' ATypI	',75,187,24),(' Austrian Holocaust Memorial Service	',78,113,23),(' AEA International Lawyers Network	',54,164,42),(' Africa AHEAD	',67,173,10);


----HOSPITAL
insert into HOSPITAL (LOCATIONID, HOSPITALNAME, HOSPITALBED, TOTALDOCTOR, TOTALNURSE) values (2, 'Avamba', 51, 92, 186);
insert into HOSPITAL (LOCATIONID, HOSPITALNAME, HOSPITALBED, TOTALDOCTOR, TOTALNURSE) values (2, 'Jaxbean', 130, 95, 147);
insert into HOSPITAL (LOCATIONID, HOSPITALNAME, HOSPITALBED, TOTALDOCTOR, TOTALNURSE) values (2, 'Flashset', 179, 101, 174);
insert into HOSPITAL (LOCATIONID, HOSPITALNAME, HOSPITALBED, TOTALDOCTOR, TOTALNURSE) values (3, 'Innojam', 253, 93, 167);
insert into HOSPITAL (LOCATIONID, HOSPITALNAME, HOSPITALBED, TOTALDOCTOR, TOTALNURSE) values (3, 'Youfeed', 294, 74, 187);
insert into HOSPITAL (LOCATIONID, HOSPITALNAME, HOSPITALBED, TOTALDOCTOR, TOTALNURSE) values (3, 'Devshare', 264, 104, 184);
insert into HOSPITAL (LOCATIONID, HOSPITALNAME, HOSPITALBED, TOTALDOCTOR, TOTALNURSE) values (4, 'Skippad', 102, 105, 198);
insert into HOSPITAL (LOCATIONID, HOSPITALNAME, HOSPITALBED, TOTALDOCTOR, TOTALNURSE) values (4, 'Jatri', 238, 90, 191);
insert into HOSPITAL (LOCATIONID, HOSPITALNAME, HOSPITALBED, TOTALDOCTOR, TOTALNURSE) values (4, 'Buzzdog', 87, 78, 159);
insert into HOSPITAL (LOCATIONID, HOSPITALNAME, HOSPITALBED, TOTALDOCTOR, TOTALNURSE) values (5, 'Eamia', 51, 117, 190);
insert into HOSPITAL (LOCATIONID, HOSPITALNAME, HOSPITALBED, TOTALDOCTOR, TOTALNURSE) values (5, 'Youspan', 70, 88, 147);
insert into HOSPITAL (LOCATIONID, HOSPITALNAME, HOSPITALBED, TOTALDOCTOR, TOTALNURSE) values (5, 'Plajo', 81, 75, 147);
insert into HOSPITAL (LOCATIONID, HOSPITALNAME, HOSPITALBED, TOTALDOCTOR, TOTALNURSE) values (6, 'Devcast', 121, 96, 186);
insert into HOSPITAL (LOCATIONID, HOSPITALNAME, HOSPITALBED, TOTALDOCTOR, TOTALNURSE) values (6, 'Meemm', 287, 87, 167);
insert into HOSPITAL (LOCATIONID, HOSPITALNAME, HOSPITALBED, TOTALDOCTOR, TOTALNURSE) values (6, 'Thoughtbeat', 176, 94, 198);
insert into HOSPITAL (LOCATIONID, HOSPITALNAME, HOSPITALBED, TOTALDOCTOR, TOTALNURSE) values (7, 'Twitterwire', 113, 115, 130);
insert into HOSPITAL (LOCATIONID, HOSPITALNAME, HOSPITALBED, TOTALDOCTOR, TOTALNURSE) values (7, 'Tagcat', 112, 75, 139);
insert into HOSPITAL (LOCATIONID, HOSPITALNAME, HOSPITALBED, TOTALDOCTOR, TOTALNURSE) values (7, 'Wordify', 251, 98, 175);
insert into HOSPITAL (LOCATIONID, HOSPITALNAME, HOSPITALBED, TOTALDOCTOR, TOTALNURSE) values (8, 'Abata', 76, 76, 134);
insert into HOSPITAL (LOCATIONID, HOSPITALNAME, HOSPITALBED, TOTALDOCTOR, TOTALNURSE) values (8, 'Jabbertype', 149, 87, 182);
insert into HOSPITAL (LOCATIONID, HOSPITALNAME, HOSPITALBED, TOTALDOCTOR, TOTALNURSE) values (8, 'Dabjam', 95, 110, 142);
insert into HOSPITAL (LOCATIONID, HOSPITALNAME, HOSPITALBED, TOTALDOCTOR, TOTALNURSE) values (9, 'Yabox', 115, 120, 137);
insert into HOSPITAL (LOCATIONID, HOSPITALNAME, HOSPITALBED, TOTALDOCTOR, TOTALNURSE) values (9, 'Avamba', 112, 73, 134);
insert into HOSPITAL (LOCATIONID, HOSPITALNAME, HOSPITALBED, TOTALDOCTOR, TOTALNURSE) values (9, 'Vipe', 115, 70, 138);
insert into HOSPITAL (LOCATIONID, HOSPITALNAME, HOSPITALBED, TOTALDOCTOR, TOTALNURSE) values (10, 'Kwilith', 139, 73, 180);
insert into HOSPITAL (LOCATIONID, HOSPITALNAME, HOSPITALBED, TOTALDOCTOR, TOTALNURSE) values (10, 'Chatterbridge', 62, 91, 142);
insert into HOSPITAL (LOCATIONID, HOSPITALNAME, HOSPITALBED, TOTALDOCTOR, TOTALNURSE) values (10, 'Skyble', 100, 113, 176);
insert into HOSPITAL (LOCATIONID, HOSPITALNAME, HOSPITALBED, TOTALDOCTOR, TOTALNURSE) values (11, 'Voolia', 293, 112, 150);
insert into HOSPITAL (LOCATIONID, HOSPITALNAME, HOSPITALBED, TOTALDOCTOR, TOTALNURSE) values (11, 'Jayo', 188, 93, 195);
insert into HOSPITAL (LOCATIONID, HOSPITALNAME, HOSPITALBED, TOTALDOCTOR, TOTALNURSE) values (11, 'Oyope', 295, 75, 179);
insert into HOSPITAL (LOCATIONID, HOSPITALNAME, HOSPITALBED, TOTALDOCTOR, TOTALNURSE) values (12, 'Realfire', 146, 113, 151);
insert into HOSPITAL (LOCATIONID, HOSPITALNAME, HOSPITALBED, TOTALDOCTOR, TOTALNURSE) values (12, 'Agivu', 67, 80, 189);
insert into HOSPITAL (LOCATIONID, HOSPITALNAME, HOSPITALBED, TOTALDOCTOR, TOTALNURSE) values (12, 'Thoughtstorm', 222, 105, 134);
insert into HOSPITAL (LOCATIONID, HOSPITALNAME, HOSPITALBED, TOTALDOCTOR, TOTALNURSE) values (13, 'Jetpulse', 176, 104, 169);
insert into HOSPITAL (LOCATIONID, HOSPITALNAME, HOSPITALBED, TOTALDOCTOR, TOTALNURSE) values (13, 'Twitterwire', 114, 81, 161);
insert into HOSPITAL (LOCATIONID, HOSPITALNAME, HOSPITALBED, TOTALDOCTOR, TOTALNURSE) values (13, 'Innojam', 289, 82, 157);
insert into HOSPITAL (LOCATIONID, HOSPITALNAME, HOSPITALBED, TOTALDOCTOR, TOTALNURSE) values (14, 'Mybuzz', 178, 89, 185);
insert into HOSPITAL (LOCATIONID, HOSPITALNAME, HOSPITALBED, TOTALDOCTOR, TOTALNURSE) values (14, 'Centimia', 76, 82, 143);
insert into HOSPITAL (LOCATIONID, HOSPITALNAME, HOSPITALBED, TOTALDOCTOR, TOTALNURSE) values (14, 'Kazio', 274, 115, 131);
insert into HOSPITAL (LOCATIONID, HOSPITALNAME, HOSPITALBED, TOTALDOCTOR, TOTALNURSE) values (15, 'Skyndu', 52, 117, 165);
insert into HOSPITAL (LOCATIONID, HOSPITALNAME, HOSPITALBED, TOTALDOCTOR, TOTALNURSE) values (15, 'Jaloo', 205, 83, 138);
insert into HOSPITAL (LOCATIONID, HOSPITALNAME, HOSPITALBED, TOTALDOCTOR, TOTALNURSE) values (15, 'Gabtype', 93, 87, 181);
insert into HOSPITAL (LOCATIONID, HOSPITALNAME, HOSPITALBED, TOTALDOCTOR, TOTALNURSE) values (16, 'Photobean', 120, 71, 165);
insert into HOSPITAL (LOCATIONID, HOSPITALNAME, HOSPITALBED, TOTALDOCTOR, TOTALNURSE) values (16, 'Twitterbridge', 127, 110, 180);
insert into HOSPITAL (LOCATIONID, HOSPITALNAME, HOSPITALBED, TOTALDOCTOR, TOTALNURSE) values (16, 'Skivee', 80, 91, 188);
insert into HOSPITAL (LOCATIONID, HOSPITALNAME, HOSPITALBED, TOTALDOCTOR, TOTALNURSE) values (17, 'Realcube', 220, 118, 143);
insert into HOSPITAL (LOCATIONID, HOSPITALNAME, HOSPITALBED, TOTALDOCTOR, TOTALNURSE) values (17, 'Innotype', 106, 75, 157);
insert into HOSPITAL (LOCATIONID, HOSPITALNAME, HOSPITALBED, TOTALDOCTOR, TOTALNURSE) values (17, 'Rhycero', 87, 78, 146);
insert into HOSPITAL (LOCATIONID, HOSPITALNAME, HOSPITALBED, TOTALDOCTOR, TOTALNURSE) values (18, 'Quimba', 57, 71, 190);
insert into HOSPITAL (LOCATIONID, HOSPITALNAME, HOSPITALBED, TOTALDOCTOR, TOTALNURSE) values (18, 'Jabberbean', 216, 88, 185);
insert into HOSPITAL (LOCATIONID, HOSPITALNAME, HOSPITALBED, TOTALDOCTOR, TOTALNURSE) values (18, 'Meemm', 102, 111, 147);
insert into HOSPITAL (LOCATIONID, HOSPITALNAME, HOSPITALBED, TOTALDOCTOR, TOTALNURSE) values (19, 'Jaloo', 168, 81, 170);
insert into HOSPITAL (LOCATIONID, HOSPITALNAME, HOSPITALBED, TOTALDOCTOR, TOTALNURSE) values (19, 'Twitterbridge', 274, 77, 166);
insert into HOSPITAL (LOCATIONID, HOSPITALNAME, HOSPITALBED, TOTALDOCTOR, TOTALNURSE) values (19, 'Teklist', 199, 104, 191);
insert into HOSPITAL (LOCATIONID, HOSPITALNAME, HOSPITALBED, TOTALDOCTOR, TOTALNURSE) values (20, 'Minyx', 139, 114, 147);
insert into HOSPITAL (LOCATIONID, HOSPITALNAME, HOSPITALBED, TOTALDOCTOR, TOTALNURSE) values (20, 'Mybuzz', 51, 111, 184);
insert into HOSPITAL (LOCATIONID, HOSPITALNAME, HOSPITALBED, TOTALDOCTOR, TOTALNURSE) values (20, 'DabZ', 248, 109, 182);
insert into HOSPITAL (LOCATIONID, HOSPITALNAME, HOSPITALBED, TOTALDOCTOR, TOTALNURSE) values (21, 'Latz', 193, 75, 153);
insert into HOSPITAL (LOCATIONID, HOSPITALNAME, HOSPITALBED, TOTALDOCTOR, TOTALNURSE) values (21, 'Voolia', 201, 105, 176);
insert into HOSPITAL (LOCATIONID, HOSPITALNAME, HOSPITALBED, TOTALDOCTOR, TOTALNURSE) values (21, 'Demimbu', 98, 100, 161);
insert into HOSPITAL (LOCATIONID, HOSPITALNAME, HOSPITALBED, TOTALDOCTOR, TOTALNURSE) values (22, 'Muxo', 190, 104, 141);
insert into HOSPITAL (LOCATIONID, HOSPITALNAME, HOSPITALBED, TOTALDOCTOR, TOTALNURSE) values (22, 'Oloo', 276, 106, 184);
insert into HOSPITAL (LOCATIONID, HOSPITALNAME, HOSPITALBED, TOTALDOCTOR, TOTALNURSE) values (22, 'Innojam', 144, 79, 179);
insert into HOSPITAL (LOCATIONID, HOSPITALNAME, HOSPITALBED, TOTALDOCTOR, TOTALNURSE) values (23, 'Tagfeed', 260, 120, 194);
insert into HOSPITAL (LOCATIONID, HOSPITALNAME, HOSPITALBED, TOTALDOCTOR, TOTALNURSE) values (23, 'Twiyo', 152, 77, 144);
insert into HOSPITAL (LOCATIONID, HOSPITALNAME, HOSPITALBED, TOTALDOCTOR, TOTALNURSE) values (23, 'Aivee', 223, 73, 181);
insert into HOSPITAL (LOCATIONID, HOSPITALNAME, HOSPITALBED, TOTALDOCTOR, TOTALNURSE) values (24, 'Jabberstorm', 275, 103, 194);
insert into HOSPITAL (LOCATIONID, HOSPITALNAME, HOSPITALBED, TOTALDOCTOR, TOTALNURSE) values (24, 'Topicshots', 256, 71, 194);
insert into HOSPITAL (LOCATIONID, HOSPITALNAME, HOSPITALBED, TOTALDOCTOR, TOTALNURSE) values (24, 'Kazu', 151, 108, 130);
insert into HOSPITAL (LOCATIONID, HOSPITALNAME, HOSPITALBED, TOTALDOCTOR, TOTALNURSE) values (25, 'Buzzbean', 60, 78, 141);
insert into HOSPITAL (LOCATIONID, HOSPITALNAME, HOSPITALBED, TOTALDOCTOR, TOTALNURSE) values (25, 'Babblestorm', 221, 113, 183);
insert into HOSPITAL (LOCATIONID, HOSPITALNAME, HOSPITALBED, TOTALDOCTOR, TOTALNURSE) values (25, 'Vinder', 76, 100, 150);
insert into HOSPITAL (LOCATIONID, HOSPITALNAME, HOSPITALBED, TOTALDOCTOR, TOTALNURSE) values (26, 'Rhynyx', 300, 111, 170);
insert into HOSPITAL (LOCATIONID, HOSPITALNAME, HOSPITALBED, TOTALDOCTOR, TOTALNURSE) values (26, 'Leenti', 187, 96, 140);
insert into HOSPITAL (LOCATIONID, HOSPITALNAME, HOSPITALBED, TOTALDOCTOR, TOTALNURSE) values (26, 'Dabtype', 271, 95, 168);
insert into HOSPITAL (LOCATIONID, HOSPITALNAME, HOSPITALBED, TOTALDOCTOR, TOTALNURSE) values (27, 'Skinte', 281, 95, 149);
insert into HOSPITAL (LOCATIONID, HOSPITALNAME, HOSPITALBED, TOTALDOCTOR, TOTALNURSE) values (27, 'Feedfish', 79, 77, 199);
insert into HOSPITAL (LOCATIONID, HOSPITALNAME, HOSPITALBED, TOTALDOCTOR, TOTALNURSE) values (27, 'Zoomdog', 90, 110, 130);
insert into HOSPITAL (LOCATIONID, HOSPITALNAME, HOSPITALBED, TOTALDOCTOR, TOTALNURSE) values (28, 'Edgewire', 138, 107, 161);
insert into HOSPITAL (LOCATIONID, HOSPITALNAME, HOSPITALBED, TOTALDOCTOR, TOTALNURSE) values (28, 'Devpoint', 282, 83, 184);
insert into HOSPITAL (LOCATIONID, HOSPITALNAME, HOSPITALBED, TOTALDOCTOR, TOTALNURSE) values (28, 'Tazz', 169, 96, 200);
insert into HOSPITAL (LOCATIONID, HOSPITALNAME, HOSPITALBED, TOTALDOCTOR, TOTALNURSE) values (29, 'Photospace', 136, 95, 191);
insert into HOSPITAL (LOCATIONID, HOSPITALNAME, HOSPITALBED, TOTALDOCTOR, TOTALNURSE) values (29, 'Leenti', 195, 118, 143);
insert into HOSPITAL (LOCATIONID, HOSPITALNAME, HOSPITALBED, TOTALDOCTOR, TOTALNURSE) values (29, 'Centidel', 84, 84, 133);
insert into HOSPITAL (LOCATIONID, HOSPITALNAME, HOSPITALBED, TOTALDOCTOR, TOTALNURSE) values (30, 'Youspan', 128, 94, 181);
insert into HOSPITAL (LOCATIONID, HOSPITALNAME, HOSPITALBED, TOTALDOCTOR, TOTALNURSE) values (30, 'Skidoo', 97, 89, 180);
insert into HOSPITAL (LOCATIONID, HOSPITALNAME, HOSPITALBED, TOTALDOCTOR, TOTALNURSE) values (30, 'Centidel', 181, 115, 133);
insert into HOSPITAL (LOCATIONID, HOSPITALNAME, HOSPITALBED, TOTALDOCTOR, TOTALNURSE) values (31, 'Ooba', 267, 71, 147);
insert into HOSPITAL (LOCATIONID, HOSPITALNAME, HOSPITALBED, TOTALDOCTOR, TOTALNURSE) values (31, 'Zoombeat', 128, 113, 200);
insert into HOSPITAL (LOCATIONID, HOSPITALNAME, HOSPITALBED, TOTALDOCTOR, TOTALNURSE) values (31, 'Feedfish', 210, 108, 166);
insert into HOSPITAL (LOCATIONID, HOSPITALNAME, HOSPITALBED, TOTALDOCTOR, TOTALNURSE) values (32, 'Yata', 120, 109, 149);
insert into HOSPITAL (LOCATIONID, HOSPITALNAME, HOSPITALBED, TOTALDOCTOR, TOTALNURSE) values (32, 'Brainbox', 71, 83, 140);
insert into HOSPITAL (LOCATIONID, HOSPITALNAME, HOSPITALBED, TOTALDOCTOR, TOTALNURSE) values (32, 'Yodoo', 54, 97, 174);
insert into HOSPITAL (LOCATIONID, HOSPITALNAME, HOSPITALBED, TOTALDOCTOR, TOTALNURSE) values (33, 'Quimba', 167, 106, 187);
insert into HOSPITAL (LOCATIONID, HOSPITALNAME, HOSPITALBED, TOTALDOCTOR, TOTALNURSE) values (33, 'BlogXS', 126, 116, 193);
insert into HOSPITAL (LOCATIONID, HOSPITALNAME, HOSPITALBED, TOTALDOCTOR, TOTALNURSE) values (33, 'Eamia', 235, 109, 175);
insert into HOSPITAL (LOCATIONID, HOSPITALNAME, HOSPITALBED, TOTALDOCTOR, TOTALNURSE) values (34, 'Gevee', 115, 74, 172);
insert into HOSPITAL (LOCATIONID, HOSPITALNAME, HOSPITALBED, TOTALDOCTOR, TOTALNURSE) values (34, 'Trudeo', 191, 116, 162);
insert into HOSPITAL (LOCATIONID, HOSPITALNAME, HOSPITALBED, TOTALDOCTOR, TOTALNURSE) values (34, 'Minyx', 244, 108, 154);
insert into HOSPITAL (LOCATIONID, HOSPITALNAME, HOSPITALBED, TOTALDOCTOR, TOTALNURSE) values (35, 'Topdrive', 236, 82, 142);
insert into HOSPITAL (LOCATIONID, HOSPITALNAME, HOSPITALBED, TOTALDOCTOR, TOTALNURSE) values (35, 'Brightdog', 215, 104, 138);
insert into HOSPITAL (LOCATIONID, HOSPITALNAME, HOSPITALBED, TOTALDOCTOR, TOTALNURSE) values (35, 'Eire', 263, 103, 153);
insert into HOSPITAL (LOCATIONID, HOSPITALNAME, HOSPITALBED, TOTALDOCTOR, TOTALNURSE) values (36, 'Meetz', 175, 101, 197);
insert into HOSPITAL (LOCATIONID, HOSPITALNAME, HOSPITALBED, TOTALDOCTOR, TOTALNURSE) values (36, 'Meembee', 191, 102, 150);
insert into HOSPITAL (LOCATIONID, HOSPITALNAME, HOSPITALBED, TOTALDOCTOR, TOTALNURSE) values (36, 'Tagchat', 64, 91, 135);
insert into HOSPITAL (LOCATIONID, HOSPITALNAME, HOSPITALBED, TOTALDOCTOR, TOTALNURSE) values (37, 'Flipstorm', 97, 106, 166);
insert into HOSPITAL (LOCATIONID, HOSPITALNAME, HOSPITALBED, TOTALDOCTOR, TOTALNURSE) values (37, 'Camido', 100, 81, 199);
insert into HOSPITAL (LOCATIONID, HOSPITALNAME, HOSPITALBED, TOTALDOCTOR, TOTALNURSE) values (37, 'Centimia', 263, 76, 150);
insert into HOSPITAL (LOCATIONID, HOSPITALNAME, HOSPITALBED, TOTALDOCTOR, TOTALNURSE) values (38, 'Edgeify', 209, 99, 196);
insert into HOSPITAL (LOCATIONID, HOSPITALNAME, HOSPITALBED, TOTALDOCTOR, TOTALNURSE) values (38, 'Meevee', 174, 107, 156);
insert into HOSPITAL (LOCATIONID, HOSPITALNAME, HOSPITALBED, TOTALDOCTOR, TOTALNURSE) values (38, 'Riffwire', 111, 113, 176);
insert into HOSPITAL (LOCATIONID, HOSPITALNAME, HOSPITALBED, TOTALDOCTOR, TOTALNURSE) values (39, 'Zoonoodle', 262, 86, 158);
insert into HOSPITAL (LOCATIONID, HOSPITALNAME, HOSPITALBED, TOTALDOCTOR, TOTALNURSE) values (39, 'Blognation', 246, 93, 138);
insert into HOSPITAL (LOCATIONID, HOSPITALNAME, HOSPITALBED, TOTALDOCTOR, TOTALNURSE) values (39, 'Yabox', 201, 98, 157);
insert into HOSPITAL (LOCATIONID, HOSPITALNAME, HOSPITALBED, TOTALDOCTOR, TOTALNURSE) values (40, 'Kazio', 206, 84, 196);
insert into HOSPITAL (LOCATIONID, HOSPITALNAME, HOSPITALBED, TOTALDOCTOR, TOTALNURSE) values (40, 'Twitternation', 248, 120, 199);
insert into HOSPITAL (LOCATIONID, HOSPITALNAME, HOSPITALBED, TOTALDOCTOR, TOTALNURSE) values (40, 'Eamia', 188, 99, 180);
insert into HOSPITAL (LOCATIONID, HOSPITALNAME, HOSPITALBED, TOTALDOCTOR, TOTALNURSE) values (41, 'Zooxo', 217, 105, 154);
insert into HOSPITAL (LOCATIONID, HOSPITALNAME, HOSPITALBED, TOTALDOCTOR, TOTALNURSE) values (41, 'Vitz', 272, 101, 152);
insert into HOSPITAL (LOCATIONID, HOSPITALNAME, HOSPITALBED, TOTALDOCTOR, TOTALNURSE) values (41, 'Bluejam', 223, 116, 147);
insert into HOSPITAL (LOCATIONID, HOSPITALNAME, HOSPITALBED, TOTALDOCTOR, TOTALNURSE) values (42, 'Aivee', 244, 79, 152);
insert into HOSPITAL (LOCATIONID, HOSPITALNAME, HOSPITALBED, TOTALDOCTOR, TOTALNURSE) values (42, 'Mudo', 208, 82, 170);
insert into HOSPITAL (LOCATIONID, HOSPITALNAME, HOSPITALBED, TOTALDOCTOR, TOTALNURSE) values (42, 'Mycat', 293, 100, 197);
insert into HOSPITAL (LOCATIONID, HOSPITALNAME, HOSPITALBED, TOTALDOCTOR, TOTALNURSE) values (43, 'Aimbu', 258, 116, 178);
insert into HOSPITAL (LOCATIONID, HOSPITALNAME, HOSPITALBED, TOTALDOCTOR, TOTALNURSE) values (43, 'Zazio', 158, 116, 152);
insert into HOSPITAL (LOCATIONID, HOSPITALNAME, HOSPITALBED, TOTALDOCTOR, TOTALNURSE) values (43, 'Quimba', 292, 101, 176);
insert into HOSPITAL (LOCATIONID, HOSPITALNAME, HOSPITALBED, TOTALDOCTOR, TOTALNURSE) values (44, 'Dynabox', 127, 100, 174);
insert into HOSPITAL (LOCATIONID, HOSPITALNAME, HOSPITALBED, TOTALDOCTOR, TOTALNURSE) values (44, 'Rhycero', 281, 98, 191);
insert into HOSPITAL (LOCATIONID, HOSPITALNAME, HOSPITALBED, TOTALDOCTOR, TOTALNURSE) values (44, 'Photobean', 208, 94, 164);
insert into HOSPITAL (LOCATIONID, HOSPITALNAME, HOSPITALBED, TOTALDOCTOR, TOTALNURSE) values (45, 'Skilith', 265, 72, 155);
insert into HOSPITAL (LOCATIONID, HOSPITALNAME, HOSPITALBED, TOTALDOCTOR, TOTALNURSE) values (45, 'Tambee', 96, 106, 133);
insert into HOSPITAL (LOCATIONID, HOSPITALNAME, HOSPITALBED, TOTALDOCTOR, TOTALNURSE) values (45, 'Eadel', 65, 92, 131);
insert into HOSPITAL (LOCATIONID, HOSPITALNAME, HOSPITALBED, TOTALDOCTOR, TOTALNURSE) values (1, 'Zoomcast', 247, 98, 191);
insert into HOSPITAL (LOCATIONID, HOSPITALNAME, HOSPITALBED, TOTALDOCTOR, TOTALNURSE) values (1, 'Meeveo', 68, 84, 142);
insert into HOSPITAL (LOCATIONID, HOSPITALNAME, HOSPITALBED, TOTALDOCTOR, TOTALNURSE) values (1, 'Skalith', 256, 70, 138);
insert into HOSPITAL (LOCATIONID, HOSPITALNAME, HOSPITALBED, TOTALDOCTOR, TOTALNURSE) values (1, 'Dabfeed', 188, 75, 159)

--- WAREHOUSE
INSERT INTO Warehouse([WarehouseName],[LocationID]) VALUES('Lacus Associates',22),('Magnis Consulting',26),('Nisi Corp.',28),('Ornare Libero Inc.',9),('Mi Inc.',33),('Nunc Ac Sem Ltd',36),('Quis Diam Luctus LLP',37),('Placerat Company',19),('Malesuada Fames Ac Inc.',38),('Sollicitudin Orci Corp.',12);
INSERT INTO Warehouse([WarehouseName],[LocationID]) VALUES('Sed Congue PC',27),('Nunc Associates',31),('Justo Ltd',5),('Magna Suspendisse Tristique Ltd',42),('Tempor Arcu Vestibulum Company',1),('Ac Nulla In Company',25),('Molestie Institute',41),('Orci Lobortis Augue Corp.',12),('Fusce Corp.',33),('Mi Fringilla Mi Consulting',38);
INSERT INTO Warehouse([WarehouseName],[LocationID]) VALUES('Suscipit Nonummy Incorporated',30),('Sed Et Incorporated',34),('Cras Institute',11),('Velit Aliquam Nisl Consulting',36),('Rhoncus Id Inc.',15),('Velit Inc.',28),('Eget Mollis Lectus Institute',19),('Cum Sociis Natoque PC',39),('Tristique Ac Corporation',44),('Donec LLC',38);
INSERT INTO Warehouse([WarehouseName],[LocationID]) VALUES('Libero Foundation',5),('Ante Dictum Inc.',40),('Velit Aliquam Nisl PC',29),('Dui Nec Tempus Ltd',42),('Condimentum Associates',40),('Tellus Id Foundation',45),('Porta Elit Incorporated',17),('Purus Gravida Company',43),('Odio Aliquam Corporation',37),('Erat Sed Nunc Associates',26);
INSERT INTO Warehouse([WarehouseName],[LocationID]) VALUES('Ac Mi PC',20),('Facilisis Suspendisse Commodo Corporation',38),('Molestie Industries',43),('Augue Inc.',24),('Ut Tincidunt Orci LLP',25),('Facilisis Facilisis Magna Associates',28),('Fermentum Vel Mauris Ltd',4),('Vehicula Et Rutrum Corporation',39),('Nec Associates',42),('Gravida Non Sollicitudin LLC',39);
INSERT INTO Warehouse([WarehouseName],[LocationID]) VALUES('Phasellus Dapibus LLC',43),('Malesuada Augue LLP',42),('Condimentum Donec At Company',8),('Enim Non LLC',33),('Sed Dolor Foundation',43),('Integer LLP',24),('Fusce Feugiat Institute',43),('Nunc Id Enim LLP',9),('Phasellus Dapibus LLP',28),('Aliquet Vel Vulputate Company',2);
INSERT INTO Warehouse([WarehouseName],[LocationID]) VALUES('Elit Etiam Company',37),('Sed Leo Consulting',27),('Nisi Mauris Nulla Ltd',25),('Malesuada Ltd',27),('Turpis Non Enim Ltd',34),('Tempus Non Limited',10),('Cras Vulputate Velit Corp.',39),('Suspendisse Dui Institute',40),('Malesuada Ut Sem PC',6),('Porttitor Corporation',12);
INSERT INTO Warehouse([WarehouseName],[LocationID]) VALUES('Erat PC',9),('Euismod Enim Industries',24),('Ornare Corp.',31),('Mi Felis Adipiscing Corp.',9),('Nam Consequat Foundation',30),('Sociosqu Ad Inc.',33),('Amet Consectetuer Adipiscing LLC',11),('Facilisis Consulting',4),('Praesent Eu LLC',25),('Ac Turpis Consulting',25);
INSERT INTO Warehouse([WarehouseName],[LocationID]) VALUES('Eu Ltd',17),('Laoreet Industries',34),('Facilisis Corporation',25),('Integer Ltd',29),('Sit Inc.',16),('Vel Convallis In Corporation',13),('Blandit Congue In Ltd',38),('Sem Mollis LLC',15),('Ac Incorporated',42),('Id Ante Associates',15);
INSERT INTO Warehouse([WarehouseName],[LocationID]) VALUES('Per Conubia Nostra LLP',45),('Parturient Corporation',3),('Tincidunt Pede Industries',44),('Eu Accumsan Associates',25),('Sit Amet Foundation',11),('Luctus Sit Company',42),('Quis Massa Company',4),('Purus Company',22),('Vivamus Limited',20),('Dui Company',3);



---NGO
select * from NGO
INSERT INTO NGO(NgoName, TotalVolunteer,LocationID) Values('Tarun',545,11),('Shivam',445,12),('Hari',476,13),('TT',845,14),('Shiv',875,15),('Vam',549,16),('Shivam',944,17),('Sshi',893,18),('Shiva',445,19),('Sh',181,20);
INSERT INTO Ngo([NgoName],[TotalVolunteer],[LocationId]) VALUES(' ESTIEM	',115,20),(' Business Solidarity (NGO)	',126,14),(' Erasmus Student Network	',134,43),(' Esther Benjamins Trust	',193,3),(' Caribbean Conference of Churches	',121,24),(' Centre for Strategic Research and Analysis	',138,42),(' Emergency (NGO)	',102,16),(' Board of European Students of Technology	',107,2),(' List of Bilderberg participants	',186,8),(' CEC European Managers	',170,14);
INSERT INTO Ngo([NgoName],[TotalVolunteer],[LocationId]) VALUES(' Board of European Students of Technology	',173,34),(' Entrepreneurs du Monde	',116,41),(' Basel Action Network	',122,36),(' Center for Khmer Studies	',127,28),(' Eurodad	',143,28),(' Bossey Ecumenical Institute	',192,2),(' Engineers Without Borders  USA	',176,16),(' ESTIEM	',105,40),(' Erasmus Student Network	',108,1),('',124,2);
INSERT INTO Ngo([NgoName],[TotalVolunteer],[LocationId]) VALUES(' Engineers Without Borders  USA	',186,14),(' BankTrack	',157,27),(' Eurodad	',101,40),(' Electronics Technicians Association	',197,34),('Banff Foundation for Allograft Pathology	',124,2),(' ESTIEM	',175,41),(' Center for Khmer Studies	',127,30),(' Erasmus Student Network	',127,18),(' Electronics Technicians Association	',198,29),(' Centre for Analysis of Strategies and Technologies	',157,15);
INSERT INTO Ngo([NgoName],[TotalVolunteer],[LocationId]) VALUES(' BAPS Charities	',120,38),(' Earth System Science Partnership	',183,42),(' British Association of Teachers of Dancing	',177,32),(' Center for Khmer Studies	',143,40),(' Center for Khmer Studies	',106,39),(' EuroIndia Centre	',196,28),(' The Elders (organization)	',145,8),(' English PEN	',144,26),(' Edhi Foundation	',171,18),(' Buckner International	',168,40);


--NGO Volunteers
INSERT INTO NgoVolunteer([NgoID],[Name],[DOB],[RoleID]) VALUES(32,'Sonya','1982-02-09',5),(14,'Fiona','1991-08-18',4),(15,'Paul','1984-08-18',3),(2,'Rafael','2004-09-20',1),(11,'Reece','1981-08-04',4),(34,'Phoebe','1990-04-28',5),(44,'Ali','1998-03-12',5),(8,'Zelda','1988-04-09',4),(22,'Idola','1980-03-06',1),(22,'Ignatius','1987-06-25',2);
INSERT INTO NgoVolunteer([NgoID],[Name],[DOB],[RoleID]) VALUES(3,'Margaret','1999-05-06',3),(9,'Roanna','1997-02-15',1),(7,'Amir','1987-05-11',3),(3,'Zachary','1984-12-14',4),(43,'Barry','1987-05-21',4),(2,'Arthur','1989-04-20',3),(25,'Emmanuel','1981-11-16',4),(24,'Roth','1993-07-19',1),(33,'John','1990-09-20',3),(40,'Larissa','1989-07-01',1);
INSERT INTO NgoVolunteer([NgoID],[Name],[DOB],[RoleID]) VALUES(7,'Ria','2006-04-21',1),(18,'Keith','1995-06-24',1),(17,'Rina','2006-07-09',2),(8,'MacKenzie','1982-01-20',5),(10,'Cameron','1984-02-17',1),(1,'Sacha','2005-01-17',2),(21,'Shafira','2000-02-05',4),(9,'Jackson','1999-01-05',2),(34,'Raymond','1986-03-22',4),(40,'May','1986-05-31',5);
INSERT INTO NgoVolunteer([NgoID],[Name],[DOB],[RoleID]) VALUES(13,'Geoffrey','2001-11-20',1),(44,'Rina','1991-08-18',4),(40,'Aphrodite','1992-12-01',5),(26,'Julie','2005-11-30',3),(19,'Gloria','1998-10-13',3),(28,'Galvin','1987-02-12',5),(15,'Finn','1999-05-10',1),(21,'Kristen','1995-09-13',3),(38,'Ebony','2005-09-06',2),(26,'Juliet','2006-06-25',2);
INSERT INTO NgoVolunteer([NgoID],[Name],[DOB],[RoleID]) VALUES(5,'Paul','1982-07-19',3),(4,'Tamara','1993-01-12',5),(18,'Sawyer','2000-11-23',2),(8,'Lev','1980-09-07',1),(26,'Germaine','1987-07-20',5),(44,'Rinah','1991-09-11',4),(45,'Eliana','2003-06-26',1),(41,'Tatiana','1982-08-27',2),(34,'Hakeem','1989-08-15',3),(35,'Leandra','1985-05-15',5);
INSERT INTO NgoVolunteer([NgoID],[Name],[DOB],[RoleID]) VALUES(24,'Merritt','1985-01-25',5),(9,'Tamekah','1991-12-12',5),(14,'Logan','2003-04-13',2),(6,'Kerry','1987-07-31',5),(24,'Jorden','2000-12-06',3),(21,'Florence','1988-05-01',2),(20,'Aidan','1989-07-15',3),(31,'Hammett','1980-05-17',5),(25,'Ryan','1980-03-25',1),(11,'Xavier','2005-04-03',1);
INSERT INTO NgoVolunteer([NgoID],[Name],[DOB],[RoleID]) VALUES(6,'Cadman','1996-08-29',1),(14,'Deacon','1990-09-23',3),(40,'Shaeleigh','1987-09-27',1),(8,'Oleg','1996-02-10',1),(12,'Lisandra','1984-07-27',1),(12,'Simone','2000-10-31',1),(5,'Selma','1984-05-28',3),(9,'Dakota','1987-08-30',2),(24,'Jorden','1992-09-08',1),(31,'Devin','1999-02-08',1);
INSERT INTO NgoVolunteer([NgoID],[Name],[DOB],[RoleID]) VALUES(10,'Thomas','2001-12-08',3),(24,'Nathan','1990-09-18',3),(3,'Delilah','2003-10-10',2),(4,'Chandler','1982-10-31',4),(16,'Allen','2000-03-31',5),(7,'Teegan','1992-03-30',3),(29,'Castor','1995-04-14',1),(29,'Suki','1996-07-27',1),(4,'Wallace','2006-09-10',4),(21,'Keaton','1980-03-01',3);
INSERT INTO NgoVolunteer([NgoID],[Name],[DOB],[RoleID]) VALUES(15,'Ori','2004-09-28',3),(13,'Aiko','1991-02-21',2),(13,'Thor','2004-12-15',4),(42,'Oren','1998-05-22',2),(7,'Octavia','2002-04-09',3),(25,'Ferdinand','1995-10-27',5),(45,'Fay','1997-05-25',1),(36,'Alexa','1989-04-13',2),(14,'Delilah','2004-06-30',5),(13,'Eric','1984-01-29',2);
INSERT INTO NgoVolunteer([NgoID],[Name],[DOB],[RoleID]) VALUES(25,'Ian','1993-11-20',4),(5,'Fritz','2004-06-17',2),(37,'Ebony','1984-07-13',2),(33,'Alexis','1980-06-01',5),(9,'Sylvester','1990-03-04',3),(22,'August','2001-05-20',3),(32,'Chloe','1985-09-05',5),(21,'Ori','2001-06-17',4),(28,'Acton','1989-12-05',1),(12,'Kim','2005-01-05',2);
INSERT INTO NgoVolunteer([NgoID],[Name],[DOB],[RoleID]) VALUES(3,'Oprah','1998-07-30',3),(7,'Miriam','1999-12-20',1),(19,'Rosalyn','2000-12-07',1),(32,'Keelie','2001-09-23',1),(23,'Emi','2006-03-03',1),(41,'Uma','2002-01-11',5),(7,'Amanda','1993-03-17',4),(29,'Rose','1982-12-28',2),(10,'Alisa','1980-08-02',4),(8,'Breanna','2004-08-29',2);
INSERT INTO NgoVolunteer([NgoID],[Name],[DOB],[RoleID]) VALUES(2,'Jenna','1983-11-12',1),(43,'Bethany','1996-11-25',5),(23,'Hermione','2000-08-06',5),(44,'Alisa','1989-10-16',5),(41,'Xerxes','1984-05-13',3),(45,'Rhiannon','2003-01-10',2),(26,'Serena','1990-12-10',5),(13,'Maxine','1995-01-20',5),(44,'Britanni','1998-02-09',4),(44,'Tanisha','1992-07-19',5);
INSERT INTO NgoVolunteer([NgoID],[Name],[DOB],[RoleID]) VALUES(2,'Orli','2005-12-18',3),(6,'Justina','1980-07-16',2),(16,'Harriet','1980-05-16',1),(29,'Kirby','1992-04-16',1),(8,'Lacota','1983-08-04',5),(6,'Sage','1994-01-01',4),(40,'Leslie','1988-03-14',1),(2,'Dakota','1982-10-01',1),(18,'Amela','1992-11-18',5),(21,'Quin','1995-01-05',3);
INSERT INTO NgoVolunteer([NgoID],[Name],[DOB],[RoleID]) VALUES(22,'Susan','2003-03-20',1),(37,'Hillary','1989-04-12',3),(43,'Petra','1994-05-20',5),(25,'Tashya','1985-03-19',5),(44,'Skyler','1995-07-23',5),(3,'Alika','1987-06-29',3),(7,'Angela','1991-08-24',2),(8,'Charlotte','2001-08-09',3),(6,'Rinah','1997-09-09',3),(35,'Aretha','1980-02-21',3);
INSERT INTO NgoVolunteer([NgoID],[Name],[DOB],[RoleID]) VALUES(17,'Jana','1990-10-06',3),(40,'Isabella','1986-12-08',4),(39,'Alyssa','1980-12-13',5),(21,'Leigh','2002-07-02',2),(42,'Olivia','1997-11-21',3),(35,'Barbara','1983-06-22',5),(2,'Dana','1990-07-08',1),(6,'Zena','1994-01-25',2),(24,'Leila','2006-07-17',3),(26,'Chava','2005-05-09',5);
INSERT INTO NgoVolunteer([NgoID],[Name],[DOB],[RoleID]) VALUES(10,'Jaden','1997-09-27',1),(16,'Ginger','1999-04-25',4),(11,'Whilemina','1990-09-04',3),(36,'Shafira','1981-05-29',4),(29,'Rachel','1989-05-04',3),(19,'Constance','2005-01-14',5),(29,'Adele','2000-02-03',5),(13,'Lysandra','1988-08-23',4),(9,'Sage','1991-02-15',5),(36,'Raya','2000-11-26',5);
INSERT INTO NgoVolunteer([NgoID],[Name],[DOB],[RoleID]) VALUES(26,'Imani','2004-10-05',3),(4,'Iona','1985-06-17',2),(43,'Cherokee','1996-06-23',5),(6,'Autumn','1985-07-15',3),(22,'Penelope','1989-08-21',1),(26,'Genevieve','1998-08-16',5),(16,'Ria','1985-11-05',5),(37,'Lilah','1994-04-10',3),(6,'Ulla','1998-11-14',4),(30,'Breanna','1985-08-20',1);
INSERT INTO NgoVolunteer([NgoID],[Name],[DOB],[RoleID]) VALUES(14,'Quemby','1991-09-17',3),(9,'Echo','2004-07-20',3),(42,'Karleigh','2004-09-05',5),(45,'Ella','1993-10-17',1),(3,'Imani','2005-07-16',3),(28,'Brynn','1994-08-20',1),(24,'Felicia','2005-03-05',3),(33,'Sandra','2002-02-20',1),(6,'Morgan','2003-02-20',4),(28,'Darrel','1992-05-28',5);
INSERT INTO NgoVolunteer([NgoID],[Name],[DOB],[RoleID]) VALUES(37,'Eden','1984-07-01',5),(1,'Willa','2002-03-20',5),(20,'Lana','1992-07-16',3),(30,'Carly','1993-06-01',3),(34,'Lila','2002-02-24',3),(44,'Phyllis','2004-12-25',1),(12,'Chelsea','1988-11-02',5),(11,'Quynn','1980-05-24',2),(43,'Lael','1986-08-02',5),(9,'Lilah','2001-10-18',5);
INSERT INTO NgoVolunteer([NgoID],[Name],[DOB],[RoleID]) VALUES(24,'Melodie','2006-10-14',4),(1,'Yoko','2004-02-22',4),(5,'MacKenzie','1997-10-28',3),(29,'Yolanda','1990-02-13',1),(6,'Wanda','1987-12-26',1),(22,'Libby','2000-09-13',3),(43,'Ursula','1980-01-20',4),(11,'Keelie','2000-02-26',5),(10,'Brenna','1990-09-14',4),(27,'Fallon','2000-12-13',5);


---EMPLOYEE
INSERT INTO Employee([CompanyID],[Name],[DOB],[RoleID]) VALUES(56,'Chanda','1986-05-02',1),(41,'Ina','1995-01-18',5),(40,'Orli','1988-06-22',4),(55,'Quinn','1989-02-26',2),(40,'Paula','2005-04-20',3),(142,'Serina','1994-01-26',1),(202,'Kelsey','1991-06-18',5),(103,'Delilah','2005-08-07',1),(39,'Uma','1996-12-25',3),(55,'Melissa','1990-11-30',5);
INSERT INTO Employee([CompanyID],[Name],[DOB],[RoleID]) VALUES(25,'Riley','1985-11-08',4),(47,'Mallory','1999-11-01',2),(45,'Ora','1996-04-20',4),(28,'Lucy','1986-07-11',2),(73,'Reagan','1981-09-17',3),(92,'Orla','1990-02-17',1),(94,'Nita','1981-02-26',1),(148,'Aileen','1980-03-05',5),(39,'Wendy','1989-02-07',5),(25,'Quyn','1991-01-17',1);
INSERT INTO Employee([CompanyID],[Name],[DOB],[RoleID]) VALUES(44,'Shafira','1991-01-16',3),(37,'Keelie','1985-06-27',3),(34,'Karyn','2002-08-29',4),(192,'Suki','2006-06-16',2),(145,'Anne','1999-03-03',1),(122,'Christen','1996-04-10',5),(114,'Jessamine','1998-02-07',2),(36,'Kaye','1995-12-06',1),(63,'Jessamine','1990-09-07',3),(76,'Bo','1981-07-04',5);
INSERT INTO Employee([CompanyID],[Name],[DOB],[RoleID]) VALUES(23,'Chloe','1979-12-30',2),(133,'Idona','1987-01-28',3),(188,'Iola','1997-10-27',4),(222,'Aimee','1996-06-27',1),(56,'Kimberly','1987-08-22',2),(32,'Blossom','1990-08-06',1),(64,'Risa','1988-08-12',1),(24,'Nichole','1980-12-13',2),(32,'Mercedes','1997-01-23',1),(32,'Donna','1981-10-31',2);
INSERT INTO Employee([CompanyID],[Name],[DOB],[RoleID]) VALUES(25,'Eleanor','1980-05-27',1),(23,'Hadassah','1998-04-20',1),(43,'Shoshana','2003-10-25',3),(41,'Lydia','1996-01-17',3),(188,'Maisie','1984-10-27',5),(41,'Candace','1981-04-06',5),(44,'Daphne','1996-10-28',2),(45,'Sarah','1985-01-25',4),(143,'Dora','1988-12-02',3),(206,'Hiroko','1995-08-07',5);
INSERT INTO Employee([CompanyID],[Name],[DOB],[RoleID]) VALUES(30,'Faith','1995-02-03',4),(33,'Hayfa','1985-06-13',5),(23,'Georgia','2006-09-16',1),(32,'Bo','1991-05-17',1),(46,'Naida','1988-07-19',1),(33,'Shellie','2002-09-19',1),(186,'Charde','1991-01-13',5),(132,'Kendall','1994-05-27',1),(43,'Debra','2000-04-14',5),(24,'Maggy','1997-11-08',3);
INSERT INTO Employee([CompanyID],[Name],[DOB],[RoleID]) VALUES(31,'Brynne','2001-02-18',2),(39,'Aubrey','1986-08-30',3),(153,'Mollie','1997-10-27',3),(28,'Quinn','1981-09-29',1),(38,'Quemby','1982-02-05',2),(32,'Iona','1990-09-14',2),(31,'Keiko','1994-06-13',4),(182,'Bo','1994-05-22',4),(47,'Olivia','1980-08-16',5),(29,'Kevyn','1986-10-23',5);
INSERT INTO Employee([CompanyID],[Name],[DOB],[RoleID]) VALUES(55,'Jenna','1996-05-27',2),(99,'Summer','1986-09-15',1),(29,'Hanna','1987-07-31',3),(182,'Emily','1998-04-27',3),(85,'Grace','1994-08-13',3),(202,'Gisela','1988-07-24',1),(221,'Patricia','1999-12-25',1),(42,'Kelly','1994-11-08',1),(42,'April','2002-11-05',1),(206,'Kirby','1988-01-03',3);
INSERT INTO Employee([CompanyID],[Name],[DOB],[RoleID]) VALUES(29,'Venus','1986-05-07',4),(38,'Xena','1993-04-16',4),(34,'Melissa','1990-08-17',3),(212,'Medge','1994-07-12',4),(214,'Zena','1999-04-26',2),(30,'Imelda','1984-02-09',3),(44,'Camilla','1983-02-21',3),(64,'Neve','1980-02-14',3),(67,'Kevyn','2003-07-31',1),(206,'Geraldine','1982-01-13',2);
INSERT INTO Employee([CompanyID],[Name],[DOB],[RoleID]) VALUES(42,'Irma','1986-04-13',2),(37,'Ima','1986-06-17',1),(139,'Tatyana','2003-05-20',5),(31,'Meghan','1991-12-05',2),(28,'Pearl','1983-11-18',5),(122,'Uma','2004-09-23',5),(41,'Chava','1992-04-09',2),(164,'Whoopi','1983-01-21',5),(38,'Hayley','1991-06-23',5),(136,'Kelly','1983-12-11',2);
INSERT INTO Employee([CompanyID],[Name],[DOB],[RoleID]) VALUES(68,'Blossom','1989-02-11',1),(56,'Emi','2002-07-29',2),(43,'Carolyn','1986-05-02',5),(37,'Yetta','1997-01-05',2),(27,'Eugenia','1987-12-05',1),(33,'Ignacia','1987-06-02',2),(210,'Bianca','1994-10-30',1),(41,'Emily','2003-08-15',1),(87,'Eden','1980-11-12',3),(30,'Gwendolyn','1993-07-24',4);
INSERT INTO Employee([CompanyID],[Name],[DOB],[RoleID]) VALUES(76,'Kay','2003-12-06',1),(35,'Veda','2003-05-24',1),(25,'Stella','2003-05-24',1),(30,'Kylee','2004-12-20',4),(36,'Hanna','1988-04-10',2),(36,'Aurora','1984-06-13',3),(44,'Rosalyn','2000-11-23',1),(34,'Yeo','1982-05-29',5),(42,'Martina','1991-06-13',4),(41,'Chanda','1985-11-25',3);
INSERT INTO Employee([CompanyID],[Name],[DOB],[RoleID]) VALUES(211,'Libby','2000-02-09',1),(184,'Cara','1987-03-22',5),(26,'Nola','1995-02-26',4),(108,'Bethany','1992-12-16',2),(25,'Meredith','1993-08-06',5),(26,'Janna','2000-12-16',5),(71,'Aimee','1993-05-27',4),(123,'Julie','1984-11-14',2),(157,'Audrey','1994-10-08',1),(95,'Roanna','2000-05-11',2);
INSERT INTO Employee([CompanyID],[Name],[DOB],[RoleID]) VALUES(145,'Ina','1983-02-04',1),(107,'Yvonne','1989-06-16',2),(46,'Celeste','2003-03-05',1),(32,'Emma','1980-09-27',5),(47,'September','1985-12-22',2),(35,'Daria','1995-07-23',2),(111,'Delilah','1996-04-25',5),(32,'Anjolie','1983-09-14',2),(43,'Xena','2005-09-28',4),(73,'Rina','1986-07-08',4);
INSERT INTO Employee([CompanyID],[Name],[DOB],[RoleID]) VALUES(100,'Kimberley','1988-02-01',2),(25,'Aurelia','1989-02-03',5),(102,'Xena','1997-04-06',2),(37,'Noelle','1986-07-08',1),(41,'Hannah','1996-04-26',3),(28,'Sage','1996-10-21',2),(101,'Montana','1996-07-16',4),(111,'Jenette','1991-03-19',4),(197,'Sacha','1992-07-10',5),(44,'Vanna','2005-04-03',5);
INSERT INTO Employee([CompanyID],[Name],[DOB],[RoleID]) VALUES(38,'TaShya','1989-01-14',4),(74,'Dakota','1997-08-13',5),(188,'Shay','2000-08-07',4),(45,'Sylvia','1986-04-13',1),(37,'Adara','2005-09-04',4),(43,'Amethyst','1987-11-12',5),(91,'Ori','2000-06-11',3),(151,'Abra','1988-10-04',2),(115,'Aline','1984-08-30',3),(25,'Kirsten','1989-02-06',1);
INSERT INTO Employee([CompanyID],[Name],[DOB],[RoleID]) VALUES(43,'Aline','2003-01-20',5),(77,'Elizabeth','2001-03-29',5),(122,'Jasmine','1984-02-21',1),(175,'Maisie','1991-03-04',1),(168,'Hilda','1989-01-30',5),(132,'Inga','1997-02-13',4),(39,'Cecilia','1988-06-22',5),(122,'Pascale','2000-09-04',1),(36,'Fredericka','1995-08-18',5),(53,'Kelsie','1983-12-19',2);
INSERT INTO Employee([CompanyID],[Name],[DOB],[RoleID]) VALUES(24,'Eden','1992-02-02',1),(123,'Dara','1983-03-12',3),(42,'Aline','1993-06-11',5),(172,'Bryar','2001-09-19',3),(43,'Clio','1986-05-24',3),(222,'Joan','1984-03-25',1),(29,'Cassandra','1985-03-02',1),(25,'Montana','1997-10-08',2),(27,'Larissa','1985-01-05',1),(40,'Astra','1981-08-29',5);
INSERT INTO Employee([CompanyID],[Name],[DOB],[RoleID]) VALUES(37,'Risa','1998-03-27',3),(65,'Imani','1982-10-21',1),(40,'Blossom','2005-12-09',2),(28,'Reagan','1990-01-10',1),(32,'Aiko','1987-02-20',3),(45,'Desiree','1985-09-01',5),(212,'Jeanette','1983-11-01',5),(38,'Kyla','1981-12-25',4),(15,'Penelope','1995-06-16',4),(26,'Jasmine','1984-04-09',5);
INSERT INTO Employee([CompanyID],[Name],[DOB],[RoleID]) VALUES(110,'Odette','1992-10-03',2),(100,'Sarah','1983-07-26',4),(38,'Wynne','2005-05-02',1),(45,'Kimberley','1987-05-28',1),(27,'Willow','1985-03-27',2),(213,'Quail','1982-12-01',4),(24,'Bo','1987-04-28',5),(72,'Orli','1991-12-25',3),(15,'Keelie','1987-06-14',5),(6,'Nadine','1997-08-15',2);


select * from role

insert into roles values (1, 'Water'), (2, 'Debris'), (3, 'Shelter'), (4, 'Medical'), (5, 'Food')